"DESCRIPTION","DURATION IN MS","NAME","PARENT SUITE","START TIME","STATUS","STOP TIME","SUB SUITE","SUITE","TEST CLASS","TEST METHOD"
"","23","Get Booking API","Webkit","2026-09-30","passed","2026-09-30","","api/getBooking.spec.ts","",""
"","57736","Enterprise E2E Employee Workflow","Webkit","2026-09-30","passed","2026-09-30","","e2e/hybridFlow.spec.ts","",""
"","39245","Add Employee Flow","Firefox","2026-09-30","passed","2026-09-30","","ui/addEmployee.spec.ts","",""
"","109","Create Booking API","Chromium","2026-09-30","passed","2026-09-30","","api/createBooking.spec.ts","",""
"","20298","Logout Flow","Webkit","2026-09-30","passed","2026-09-30","","ui/login.spec.ts","",""
"","20372","Logout Flow","Webkit","2026-09-30","passed","2026-09-30","","ui/logout.spec.ts","",""
"","144","Delete Booking API","Chromium","2026-09-30","passed","2026-09-30","","api/deleteBooking.spec.ts","",""
"","42","Update Booking API","Chromium","2026-09-30","passed","2026-09-30","","api/updateBooking.spec.ts","",""
"","16787","Logout Flow","Chromium","2026-09-30","passed","2026-09-30","","ui/login.spec.ts","",""
"","37","Delete Booking API","Firefox","2026-09-30","passed","2026-09-30","","api/deleteBooking.spec.ts","",""
"","19831","Logout Flow","Firefox","2026-09-30","passed","2026-09-30","","ui/login.spec.ts","",""
"","97","Create Booking API","Firefox","2026-09-30","passed","2026-09-30","","api/createBooking.spec.ts","",""
"","37","Update Booking API","Firefox","2026-09-30","passed","2026-09-30","","api/updateBooking.spec.ts","",""
"","23","Get Booking API","Firefox","2026-09-30","passed","2026-09-30","","api/getBooking.spec.ts","",""
"","39667","Add Employee Flow","Webkit","2026-09-30","passed","2026-09-30","","ui/addEmployee.spec.ts","",""
"","6734","OrangeHRM Invalid Login","Webkit","2026-09-30","passed","2026-09-30","","ui/invalidLogin.spec.ts","",""
"","6025","OrangeHRM Invalid Login","Chromium","2026-09-30","passed","2026-09-30","","ui/invalidLogin.spec.ts","",""
"","7839","OrangeHRM Invalid Login","Firefox","2026-09-30","passed","2026-09-30","","ui/invalidLogin.spec.ts","",""
"","40","Delete Booking API","Webkit","2026-09-30","passed","2026-09-30","","api/deleteBooking.spec.ts","",""
"","37","Update Booking API","Webkit","2026-09-30","passed","2026-09-30","","api/updateBooking.spec.ts","",""
"","19518","Logout Flow","Firefox","2026-09-30","passed","2026-09-30","","ui/logout.spec.ts","",""
"","36502","Add Employee Flow","Chromium","2026-09-30","passed","2026-09-30","","ui/addEmployee.spec.ts","",""
"","23","Get Booking API","Chromium","2026-09-30","passed","2026-09-30","","api/getBooking.spec.ts","",""
"","16710","Logout Flow","Chromium","2026-09-30","passed","2026-09-30","","ui/logout.spec.ts","",""
"","24418","Search Employee Flow","Webkit","2026-09-30","passed","2026-09-30","","ui/searchEmployee.spec.ts","",""
"","26828","Search Employee Flow","Firefox","2026-09-30","passed","2026-09-30","","ui/searchEmployee.spec.ts","",""
"","52796","Enterprise E2E Employee Workflow","Chromium","2026-09-30","passed","2026-09-30","","e2e/hybridFlow.spec.ts","",""
"","98","Create Booking API","Webkit","2026-09-30","passed","2026-09-30","","api/createBooking.spec.ts","",""
"","55700","Enterprise E2E Employee Workflow","Firefox","2026-09-30","passed","2026-09-30","","e2e/hybridFlow.spec.ts","",""
"","26925","Search Employee Flow","Chromium","2026-09-30","passed","2026-09-30","","ui/searchEmployee.spec.ts","",""
